{"cameraMode":{"drawMode":0,"name":"Shaded","section":"Shading Mode"},"sceneLighting":true,"audioPlay":false,"sceneViewState":{"showFog":true,"showMaterialUpdate":false,"showSkybox":true,"showFlares":true,"showImageEffects":true,"showParticleSystems":true,"showVisualEffectGraphs":true,"m_FxEnabled":true},"in2DMode":false,"pivot":{"x":0.4820956587791443,"y":-0.03515422344207764,"z":-0.09908285737037659},"rotation":{"x":0.0857824757695198,"y":0.8537670373916626,"z":-0.1490253359079361,"w":0.49144628643989565},"size":1.694631576538086,"orthographic":false}